<?xml version="1.0" encoding="UTF-8"?>
<project-private xmlns="http://www.netbeans.org/ns/project-private/1">
    <editor-bookmarks xmlns="http://www.netbeans.org/ns/editor-bookmarks/2" lastBookmarkId="0"/>
    <open-files xmlns="http://www.netbeans.org/ns/projectui-open-files/2">
        <group>
            <file>file:/F:/incapp%20java/Netbeans/Hostaler/src/db/DbConnect.java</file>
            <file>file:/F:/incapp%20java/Netbeans/Hostaler/src/Gui/Home.java</file>
            <file>file:/F:/incapp%20java/Netbeans/Hostaler/src/Gui/Rooms.java</file>
            <file>file:/F:/incapp%20java/Netbeans/Hostaler/src/Gui/AddStudent.java</file>
            <file>file:/F:/incapp%20java/Netbeans/Hostaler/src/Gui/Login.java</file>
            <file>file:/F:/incapp%20java/Netbeans/Hostaler/src/Gui/ViewStudent.java</file>
            <file>file:/F:/incapp%20java/Netbeans/Hostaler/src/commoncode/Validation.java</file>
        </group>
    </open-files>
</project-private>
